{"cameraMode":{"drawMode":0,"name":"Shaded","section":"Shading Mode"},"sceneLighting":true,"audioPlay":false,"sceneViewState":{"showFog":true,"showMaterialUpdate":false,"showSkybox":true,"showFlares":true,"showImageEffects":true,"showParticleSystems":true},"in2DMode":false,"pivot":{"x":-0.7224626541137695,"y":0.21970105171203614,"z":0.8071939945220947},"rotation":{"x":0.10830303281545639,"y":-0.8525314927101135,"z":0.1954030692577362,"w":0.4725232720375061},"size":6.607396125793457,"orthographic":false}